<?xml version="1.0" encoding="utf-8"?>
<ModMetaData>
	<name>Spots Tab CR</name>
	<author>CopperReardon</author>
	<supportedVersions><li>1.2</li></supportedVersions>
	<packageId>SpotsTaabb.CR</packageId>
	<description>
Version 1.0.0

All vanilla “Spots” have been moved into a single tab. – Butcher, Crafting, Bed, Meditation
Modded Spots have been patched to use the tab. this includes:
•	VGP Garden Gourmet 
•	KV Trading Spot
•	Thinking Spot
•	Allies Spot
•	Empire
•	Musical Instruments (Continued)
•	Religions of Rimworld
•	Prayer Spots
•	AnimalHarvestingSpot (Continued)
•	Trade Ship Drop Spot
•	Prisoner Arena (Continued)
•	Run and Hide (Continued)
•	Biomes! Islands
I have included two files separately in the downloads that must be replaced inside the mods Prisoner Arena Spot and AnimalHarvestingSpot in order for the spot to properly move to the tab.
It is highly Recommended to use the “Retextured Interaction Spots Project” mod.
I had also used one of his prayer spot textures to use as the Religions of Rimworld spot and I have created a spot texture for Empire and Musical Instruments made in his style.

	</description>
<url></url> 
</ModMetaData>
