﻿<?xml version="1.0" encoding="utf-8" ?>
<Patch>

	<!-- Spots Category for Vanilla and Modded -->
	 <Operation Class="PatchOperationAdd">
		<xpath>/Defs</xpath>
		<value>
			<DesignationCategoryDef>
			<defName>CR_SpotsTab</defName>
			<label>Spots</label>
			<description>Party, Marriage, Sleeping Ect</description>
			<order>555</order>
			<specialDesignatorClasses>
			  <li>Designator_Cancel</li>
			  <li>Designator_Deconstruct</li>
			</specialDesignatorClasses>
			</DesignationCategoryDef>
		</value>
	 </Operation>
 
</Patch>