<?xml version="1.0" encoding="utf-8" ?>
<Patch>
	<Operation Class="PatchOperationSequence">
			<success>Always</success>
			<operations>
				<li Class="PatchOperationReplace">
                    <xpath>/Defs/ThingDef[defName="SleepingSpot"]/designationCategory</xpath>
                    <value><designationCategory>CR_SpotsTab</designationCategory></value>
                </li>
				<li Class="PatchOperationReplace">
                    <xpath>/Defs/ThingDef[defName="DoubleSleepingSpot"]/designationCategory</xpath>
                    <value><designationCategory>CR_SpotsTab</designationCategory></value>
                </li>
				<li Class="PatchOperationReplace">
                    <xpath>/Defs/ThingDef[defName="AnimalSleepingSpot"]/designationCategory</xpath>
                    <value><designationCategory>CR_SpotsTab</designationCategory></value>
                </li>
				<li Class="PatchOperationReplace">
                    <xpath>/Defs/ThingDef[defName="CraftingSpot"]/designationCategory</xpath>
                    <value><designationCategory>CR_SpotsTab</designationCategory></value>
                </li>
				<li Class="PatchOperationReplace">
                    <xpath>/Defs/ThingDef[defName="ButcherSpot"]/designationCategory</xpath>
                    <value><designationCategory>CR_SpotsTab</designationCategory></value>
                </li>
				<li Class="PatchOperationReplace">
                    <xpath>/Defs/ThingDef[defName="MarriageSpot"]/designationCategory</xpath>
                    <value><designationCategory>CR_SpotsTab</designationCategory></value>
                </li>
				<li Class="PatchOperationReplace">
                    <xpath>/Defs/ThingDef[defName="PartySpot"]/designationCategory</xpath>
                    <value><designationCategory>CR_SpotsTab</designationCategory></value>
                </li>
				<li Class="PatchOperationReplace">
                    <xpath>/Defs/ThingDef[defName="CaravanPackingSpot"]/designationCategory</xpath>
                    <value><designationCategory>CR_SpotsTab</designationCategory></value>
                </li>
				<li Class="PatchOperationReplace">
                    <xpath>/Defs/ThingDef[defName="MeditationSpot"]/designationCategory</xpath>
                    <value><designationCategory>CR_SpotsTab</designationCategory></value>
                </li>
			<!-- 	====================the end of the code=====================	-->
			</operations>
	</Operation>
</Patch>