<?xml version="1.0" encoding="utf-8" ?>
<Patch>

	<Operation Class="PatchOperationFindMod">
        <mods>
            <li>VGP Garden Gourmet</li>
			<li>[VGP] Garden Gourmet</li>
        </mods>
		<match Class="PatchOperationSequence">
				<success>Always</success>
				<operations>
					<li Class="PatchOperationReplace">
						<xpath>/Defs/ThingDef[defName="VG_SaltMine"]/designationCategory</xpath>
						<value><designationCategory>CR_SpotsTab</designationCategory></value>
					</li>
				</operations>
		</match>
	</Operation>
	<!--	====================the end of the code=====================-->

	<Operation Class="PatchOperationFindMod">
        <mods>
            <li>[KV] Trading Spot</li>
			<li>[SPOT] Trading Spot</li>
        </mods>
		<match Class="PatchOperationSequence">
				<success>Always</success>
				<operations>
					<li Class="PatchOperationReplace">
						<xpath>/Defs/ThingDef[defName="TradingSpot"]/designationCategory</xpath>
						<value><designationCategory>CR_SpotsTab</designationCategory></value>
					</li>
				</operations>
		</match>
	</Operation>
	<!--	====================the end of the code=====================	-->
	
	<Operation Class="PatchOperationFindMod">
        <mods>
            <li>Trading Control</li>
			<li>[FIX] Trading Control</li>
			<li>[SPOT] Trading Control Spot</li>
        </mods>
		<match Class="PatchOperationSequence">
				<success>Always</success>
				<operations>
					<li Class="PatchOperationReplace">
						<xpath>/Defs/ThingDef[defName="TradingSpot"]/designationCategory</xpath>
						<value><designationCategory>CR_SpotsTab</designationCategory></value>
					</li>
				</operations>
		</match>
	</Operation>
	<!--	====================the end of the code=====================	-->
		
	<Operation Class="PatchOperationFindMod">
        <mods>
            <li>Thinking Spot</li>
			<li>[SPOT] Thinking Spot</li>
        </mods>
		<match Class="PatchOperationSequence">
				<success>Always</success>
				<operations>
					<li Class="PatchOperationReplace">
						<xpath>/Defs/ThingDef[defName="TS_ThinkingSpot"]/designationCategory</xpath>
						<value><designationCategory>CR_SpotsTab</designationCategory></value>
					</li>
				</operations>
		</match>
	</Operation>
	<!--	====================the end of the code=====================	-->
	
	<Operation Class="PatchOperationFindMod">
        <mods>
            <li>Allies Spot</li>
			<li>[SPOT] Allies Spot</li>
        </mods>
		<match Class="PatchOperationSequence">
				<success>Always</success>
				<operations>
					<li Class="PatchOperationReplace">
						<xpath>/Defs/ThingDef[defName="AlliesSpot"]/designationCategory</xpath>
						<value><designationCategory>CR_SpotsTab</designationCategory></value>
					</li>
				</operations>
		</match>
	</Operation>
	<!--	====================the end of the code=====================	-->
	
	<Operation Class="PatchOperationFindMod">
        <mods>
           <li>Empire</li>
        </mods>
		<match Class="PatchOperationSequence">
				<success>Always</success>
				<operations>
					<li Class="PatchOperationReplace">
						<xpath>/Defs/ThingDef[defName="TaxSpot"]/designationCategory</xpath>
						<value><designationCategory>CR_SpotsTab</designationCategory></value>
					</li>
					<li Class="PatchOperationReplace">
					<xpath>Defs/ThingDef[defName="TaxSpot"]/graphicData/texPath</xpath>
					<value><texPath>Things/Building/Misc/Taxesspot</texPath></value>
				</li>
				</operations>
		</match>
	</Operation>
	<!--	====================the end of the code=====================	-->
	
	<Operation Class="PatchOperationFindMod">
        <mods>
           <li>Musical Instruments</li>
		   <li>Musical Instruments (Continued)</li>
        </mods>
		<match Class="PatchOperationSequence">
				<success>Always</success>
				<operations>
					<li Class="PatchOperationReplace">
						<xpath>/Defs/ThingDef[defName="MusicSpot"]/designationCategory</xpath>
						<value><designationCategory>CR_SpotsTab</designationCategory></value>
					</li>
					<li Class="PatchOperationRemove">
						<xpath>Defs/ThingDef[defName="MusicSpot"]/graphicData/color</xpath>
					</li>
					<li Class="PatchOperationReplace">
						<xpath>Defs/ThingDef[defName="MusicSpot"]/graphicData/texPath</xpath>
						<value><texPath>Things/Building/Misc/musicalspotbetter</texPath></value>
					</li>
				</operations>
		</match>
	</Operation>
	<!--	====================the end of the code=====================	-->

	<Operation Class="PatchOperationFindMod">
        <mods>
           <li>Religions of Rimworld 2.0</li>
        </mods>
		<match Class="PatchOperationSequence">
				<success>Always</success>
				<operations>
					<li Class="PatchOperationAdd">
						<xpath>/Defs/ThingDef[defName="WorshipSpot"]</xpath>
						<value>
							<designationCategory>CR_SpotsTab</designationCategory>
						</value>
					</li>
					<li Class="PatchOperationReplace">
						<xpath>Defs/ThingDef[defName="WorshipSpot"]/graphicData/texPath</xpath>
						<value><texPath>Things/Building/Misc/PrayerSpotDl</texPath></value>
					</li>
				</operations>
		</match>
	</Operation>
	<!--	====================the end of the code=====================	-->
	
	<Operation Class="PatchOperationFindMod">
        <mods>
           <li>Prayer Spots</li>
		   <li>Prayer Spots (Continued)</li>
        </mods>
		<match Class="PatchOperationSequence">
				<success>Always</success>
				<operations>
					<li Class="PatchOperationReplace">
						<xpath>/Defs/ThingDef[defName="LWM_PrayerSpot"]/designationCategory</xpath>
						<value><designationCategory>CR_SpotsTab</designationCategory></value>
					</li>
				</operations>
		</match>
	</Operation>
	<!--	====================the end of the code=====================	-->
	
	<Operation Class="PatchOperationFindMod">
        <mods>
           <li>AnimalHarvestingSpot</li>
		   <li>AnimalHarvestingSpot (Continued)</li>
        </mods>
		<match Class="PatchOperationSequence">
				<success>Always</success>
				<operations>
			
					<li Class="PatchOperationReplace">
						<xpath>/Defs/ThingDef[defName="AnimalHarvestingSpot"]/designationCategory</xpath>
						<value><designationCategory>CR_SpotsTab</designationCategory></value>
					</li>	
					<li Class="PatchOperationReplace">
						<xpath>/Defs/ThingDef[defName="AnimalMilkingSpot"]/designationCategory</xpath>
						<value><designationCategory>CR_SpotsTab</designationCategory></value>
					</li>
					<li Class="PatchOperationReplace">
						<xpath>/Defs/ThingDef[defName="AnimalShearingSpot"]/designationCategory</xpath>
						<value><designationCategory>CR_SpotsTab</designationCategory></value>
					</li>
					<li Class="PatchOperationReplace">
						<xpath>/Defs/ThingDef[defName="AnimalSlaughteringSpot"]/designationCategory</xpath>
						<value><designationCategory>CR_SpotsTab</designationCategory></value>
					</li> 
					<li Class="PatchOperationReplace">
						<xpath>/Defs/ThingDef[defName="AnimalTrainingSpot"]/designationCategory</xpath>
						<value><designationCategory>CR_SpotsTab</designationCategory></value>
					</li>
				</operations>
		</match>
	</Operation>
	<!--	====================the end of the code=====================	-->
	
	<Operation Class="PatchOperationFindMod">
        <mods>
           <li>Trade Ships Drop Spot</li>
        </mods>
		<match Class="PatchOperationSequence">
				<success>Always</success>
				<operations>
					<li Class="PatchOperationReplace">
						<xpath>/Defs/ThingDef[defName="DropSpotTradeShip"]/designationCategory</xpath>
						<value><designationCategory>CR_SpotsTab</designationCategory></value>
					</li>
				</operations>
		</match>
	</Operation>
	<!--	====================the end of the code=====================	-->

	<Operation Class="PatchOperationFindMod">
        <mods>
            <li>Prisoner Arena (Continued)</li>
        </mods>
		<match Class="PatchOperationSequence">
				<success>Always</success>
				<operations>
					<li Class="PatchOperationReplace">
						<xpath>/Defs/ThingDef[defName="Building_ArenaBell"]/designationCategory</xpath>
						<value><designationCategory>CR_SpotsTab</designationCategory></value>
					</li>
				</operations>
		</match>
	</Operation>
	<!--	====================the end of the code=====================	-->
	
	<Operation Class="PatchOperationFindMod">
        <mods>
           <li>Run and Hide (Continued)</li>
        </mods>
		<match Class="PatchOperationSequence">
				<success>Always</success>
				<operations>
					<li Class="PatchOperationReplace">
						<xpath>/Defs/ThingDef[defName="BunkerSpot"]/designationCategory</xpath>
						<value><designationCategory>CR_SpotsTab</designationCategory></value>
					</li>
				</operations>
		</match>
	</Operation>
	<!--	====================the end of the code=====================	-->
	
	<Operation Class="PatchOperationFindMod">
        <mods>
           <li>Biomes! Islands</li>
        </mods>
		<match Class="PatchOperationSequence">
				<success>Always</success>
				<operations>
					<li Class="PatchOperationReplace">
						<xpath>/Defs/ThingDef[defName="BiomesIslands_AquaticSleepingSpot"]/designationCategory</xpath>
						<value><designationCategory>CR_SpotsTab</designationCategory></value>
					</li>
				</operations>
		</match>
	</Operation>
	<!--	====================the end of the code=====================	-->
</Patch>